language,key,text,reviewer_status,reviewer_correction,reviewer_name
ar,menu,كل الأدوات,,,
ar,skip,انتقل إلى المحتوى,,,
ar,about,من نحن,,,
ar,privacy,الخصوصية,,,
ar,contact,اتصل بنا,,,
ar,methodology,المنهجية,,,
ar,editorial,سياسة التحرير,,,
ar,tag,© CalculatesAll. أدوات مجانية تعمل في متصفحك.,,,
ar,faq,أسئلة شائعة,,,
ar,more,المزيد في,,,
ar,h1,حاسبات إلكترونية مجانية وأدوات مفيدة,,,
ar,title,CalculatesAll | حاسبات وأدوات مجانية عبر الإنترنت,,,
ar,desc,حاسبات مجانية للزكاة ومؤشر كتلة الجسم والربح والخسارة والعمر والخصم وتحويل الوحدات والتسبيح والساعة الإيقافية.,,,
ar,lead,تضم CalculatesAll حاسبات للمال والصحة والتاريخ والوحدات والاستخدام اليومي. تعمل كل أداة في متصفحك، ولا تُرسل بياناتك المُدخلة إلى خادمنا.,,,
ar,heading,ماذا يمكنك أن تفعل في CalculatesAll,,,
ar,paragraphs.0,تجمع CalculatesAll أدوات يستخدمها الناس كل أسبوع. تساعد حسابات الزكاة والربح في القرارات المالية، ويعطي مؤشر كتلة الجسم رقماً للفحص الأولي لدى البالغين، وتتولى أدوات العمر والخصم والوحدات الحسابات اليومية.,,,
ar,paragraphs.1,يعرض كل أداة صفحة تشرح معادلتها ومثالاً محلولاً وحدودها، لتتمكن من التحقق من النتيجة بنفسك ومعرفة متى تحتاج إلى مختص.,,,
ar,faq_items.0.0,هل الحاسبات مجانية؟,,,
ar,faq_items.0.1,نعم. جميع الأدوات في CalculatesAll مجانية.,,,
ar,faq_items.1.0,هل تحفظون الأرقام التي أدخلها؟,,,
ar,faq_items.1.1,لا. تعمل الحسابات في متصفحك، ويحفظ عداد التسبيح عدده على جهازك فقط.,,,
ar,cats.money,المال والأعمال,,,
ar,cats.health,الصحة,,,
ar,cats.time,التاريخ والوقت,,,
ar,cats.math,الرياضيات والتحويل,,,
ar,cats.worship,العبادة والاستخدام اليومي,,,
ar,cat_desc.money,حاسبات الزكاة والربح والخسارة والخصم للقرارات المالية اليومية.,,,
ar,cat_desc.health,حساب مؤشر كتلة الجسم للبالغين مع الفئات التي حددتها منظمة الصحة العالمية.,,,
ar,cat_desc.time,حساب العمر بالسنوات والأشهر والأيام، وساعة إيقاف في المتصفح.,,,
ar,cat_desc.math,حساب حسابي عادي وتحويل الوزن والطول ودرجة الحرارة.,,,
ar,cat_desc.worship,عداد تسبيح يحفظ العدد على هذا الجهاز فقط.,,,
hi,menu,सभी टूल,,,
hi,skip,मुख्य सामग्री पर जाएँ,,,
hi,about,हमारे बारे में,,,
hi,privacy,गोपनीयता,,,
hi,contact,संपर्क,,,
hi,methodology,गणना का तरीका,,,
hi,editorial,संपादकीय नीति,,,
hi,tag,© CalculatesAll. आपके ब्राउज़र में चलने वाले मुफ़्त टूल।,,,
hi,faq,अक्सर पूछे जाने वाले प्रश्न,,,
hi,more,इसी श्रेणी में और,,,
hi,h1,मुफ़्त ऑनलाइन कैलकुलेटर और उपयोगी टूल,,,
hi,title,CalculatesAll | मुफ़्त ऑनलाइन कैलकुलेटर और टूल,,,
hi,desc,"ज़कात, BMI, लाभ और हानि, उम्र, छूट, इकाई परिवर्तन, मानक कैलकुलेटर, तसबीह काउंटर और स्टॉपवॉच के मुफ़्त टूल।",,,
hi,lead,"CalculatesAll पर पैसे, स्वास्थ्य, तारीख, इकाइयों और रोज़मर्रा के कैलकुलेटर हैं। हर टूल आपके ब्राउज़र में चलता है और आपके दर्ज किए गए आंकड़े हमारे सर्वर पर नहीं भेजे जाते।",,,
hi,heading,CalculatesAll पर आप क्या कर सकते हैं,,,
hi,paragraphs.0,"CalculatesAll में वे टूल हैं जो लोग हर हफ़्ते इस्तेमाल करते हैं। ज़कात और लाभ की गणना पैसों के फ़ैसलों में मदद करती है। BMI वयस्कों के लिए एक प्रारंभिक जाँच का आंकड़ा देता है। उम्र, छूट और इकाई के टूल रोज़ के हिसाब संभालते हैं।",,,
hi,paragraphs.1,"हर टूल के पेज पर उसका सूत्र, एक हल किया हुआ उदाहरण और उसकी सीमाएँ लिखी हैं, ताकि आप परिणाम खुद जाँच सकें और जान सकें कि कब किसी विशेषज्ञ से पूछना ज़रूरी है।",,,
hi,faq_items.0.0,क्या ये कैलकुलेटर मुफ़्त हैं?,,,
hi,faq_items.0.1,हाँ। CalculatesAll के सभी टूल मुफ़्त हैं।,,,
hi,faq_items.1.0,क्या आपके दर्ज किए गए आंकड़े सेव होते हैं?,,,
hi,faq_items.1.1,नहीं। हिसाब आपके ब्राउज़र में होता है। तसबीह काउंटर आपकी गिनती केवल आपके डिवाइस पर रखता है।,,,
hi,cats.money,पैसा और व्यापार,,,
hi,cats.health,स्वास्थ्य,,,
hi,cats.time,तारीख और समय,,,
hi,cats.math,गणित और परिवर्तन,,,
hi,cats.worship,इबादत और रोज़मर्रा,,,
hi,cat_desc.money,"ज़कात, लाभ, हानि और छूट के कैलकुलेटर रोज़मर्रा के पैसों के फ़ैसलों के लिए।",,,
hi,cat_desc.health,"वयस्कों के लिए BMI, विश्व स्वास्थ्य संगठन की श्रेणियों के साथ।",,,
hi,cat_desc.time,"उम्र को वर्ष, महीनों और दिनों में निकालें, और ब्राउज़र स्टॉपवॉच।",,,
hi,cat_desc.math,"सामान्य गणित और वज़न, लंबाई और तापमान का परिवर्तन।",,,
hi,cat_desc.worship,तसबीह काउंटर जो गिनती केवल इसी डिवाइस पर रखता है।,,,
es,menu,Todas las herramientas,,,
es,skip,Ir al contenido,,,
es,about,Acerca de,,,
es,privacy,Privacidad,,,
es,contact,Contacto,,,
es,methodology,Metodología,,,
es,editorial,Política editorial,,,
es,tag,© CalculatesAll. Herramientas gratuitas que funcionan en tu navegador.,,,
es,faq,Preguntas frecuentes,,,
es,more,Más en,,,
es,h1,Calculadoras online gratuitas y herramientas útiles,,,
es,title,CalculatesAll | Calculadoras y herramientas online gratuitas,,,
es,desc,"Calculadoras gratuitas de Zakat, IMC, pérdidas y ganancias, edad, descuentos, conversión de unidades, calculadora estándar, contador de tasbih y cronómetro.",,,
es,lead,"CalculatesAll reúne calculadoras de dinero, salud, fechas, unidades y uso diario. Cada herramienta funciona en tu navegador y tus datos no se envían a nuestro servidor.",,,
es,heading,Qué puedes hacer en CalculatesAll,,,
es,paragraphs.0,"CalculatesAll reúne herramientas que la gente usa cada semana. Los cálculos de Zakat y de ganancias ayudan a tomar decisiones de dinero. El IMC da una cifra de cribado para adultos. Las herramientas de edad, descuento y unidades resuelven operaciones diarias.",,,
es,paragraphs.1,"Cada página de herramienta muestra su fórmula, un ejemplo resuelto y sus límites, para que puedas comprobar el resultado tú mismo y saber cuándo consultar a un profesional.",,,
es,faq_items.0.0,¿Las calculadoras son gratuitas?,,,
es,faq_items.0.1,Sí. Todas las herramientas de CalculatesAll son gratuitas.,,,
es,faq_items.1.0,¿Guardan los números que introduzco?,,,
es,faq_items.1.1,No. Los cálculos se hacen en tu navegador. El contador de tasbih guarda su cuenta solo en tu dispositivo.,,,
es,cats.money,Dinero y negocios,,,
es,cats.health,Salud,,,
es,cats.time,Fecha y hora,,,
es,cats.math,Matemáticas y conversiones,,,
es,cats.worship,Devoción y uso diario,,,
es,cat_desc.money,"Calculadoras de Zakat, ganancias, pérdidas y descuentos para decisiones de dinero del día a día.",,,
es,cat_desc.health,Cálculo del IMC para adultos con las categorías de la Organización Mundial de la Salud.,,,
es,cat_desc.time,"Calcula la edad en años, meses y días, y un cronómetro en el navegador.",,,
es,cat_desc.math,"Operaciones aritméticas y conversión de peso, longitud y temperatura.",,,
es,cat_desc.worship,Contador de tasbih que guarda la cuenta solo en este dispositivo.,,,
fr,menu,Tous les outils,,,
fr,skip,Aller au contenu,,,
fr,about,À propos,,,
fr,privacy,Confidentialité,,,
fr,contact,Contact,,,
fr,methodology,Méthodologie,,,
fr,editorial,Politique éditoriale,,,
fr,tag,© CalculatesAll. Outils gratuits qui fonctionnent dans votre navigateur.,,,
fr,faq,Questions fréquentes,,,
fr,more,Plus dans,,,
fr,h1,Calculatrices en ligne gratuites et outils utiles,,,
fr,title,CalculatesAll | Calculatrices et outils en ligne gratuits,,,
fr,desc,"Calculatrices gratuites : Zakat, IMC, bénéfice et perte, âge, remise, conversion d'unités, calculatrice standard, compteur de tasbih et chronomètre.",,,
fr,lead,"CalculatesAll réunit des calculatrices pour l'argent, la santé, les dates, les unités et l'usage quotidien. Chaque outil fonctionne dans votre navigateur, et vos données ne sont pas envoyées à notre serveur.",,,
fr,heading,Ce que vous pouvez faire sur CalculatesAll,,,
fr,paragraphs.0,"CalculatesAll réunit des outils que les gens utilisent chaque semaine. Les calculs de Zakat et de bénéfice aident à prendre des décisions financières. L'IMC donne un indicateur de dépistage pour les adultes. Les outils d'âge, de remise et d'unités gèrent les calculs courants.",,,
fr,paragraphs.1,"Chaque page d'outil présente sa formule, un exemple résolu et ses limites, afin que vous puissiez vérifier le résultat vous-même et savoir quand consulter un professionnel.",,,
fr,faq_items.0.0,Les calculatrices sont-elles gratuites ?,,,
fr,faq_items.0.1,Oui. Tous les outils de CalculatesAll sont gratuits.,,,
fr,faq_items.1.0,Conservez-vous les nombres que je saisis ?,,,
fr,faq_items.1.1,Non. Les calculs se font dans votre navigateur. Le compteur de tasbih ne garde son total que sur votre appareil.,,,
fr,cats.money,Argent et affaires,,,
fr,cats.health,Santé,,,
fr,cats.time,Date et heure,,,
fr,cats.math,Maths et conversions,,,
fr,cats.worship,Dévotion et usage quotidien,,,
fr,cat_desc.money,"Calculatrices de Zakat, de bénéfice, de perte et de remise pour les décisions financières courantes.",,,
fr,cat_desc.health,"Calcul de l'IMC pour adultes, avec les catégories de l'Organisation mondiale de la santé.",,,
fr,cat_desc.time,"Calcul de l'âge en années, mois et jours, et chronomètre dans le navigateur.",,,
fr,cat_desc.math,"Calcul arithmétique et conversion de poids, de longueur et de température.",,,
fr,cat_desc.worship,Compteur de tasbih qui garde le total uniquement sur cet appareil.,,,
ur,zakat-calculator.name,زکوٰۃ کیلکولیٹر,,,
ur,zakat-calculator.title,نصاب چیک کے ساتھ زکوٰۃ کیلکولیٹر | CalculatesAll,,,
ur,zakat-calculator.description,چاندی کے نصاب کے ساتھ خالص مال پر 2.5 فیصد زکوٰۃ کا حساب کریں اور قمری سال مکمل ہونے کی تصدیق کریں۔,,,
ur,zakat-calculator.h1,نصاب چیک کے ساتھ زکوٰۃ کیلکولیٹر,,,
ur,zakat-calculator.lead,اپنی بچت اور اثاثے درج کریں، پھر چاندی کی فی گرام قیمت لکھیں۔ کیلکولیٹر پہلے نصاب چیک کرتا ہے اور زکوٰۃ کی رقم اسی وقت دکھاتا ہے جب نصاب اور قمری سال کی شرط پوری ہو۔,,,
ur,zakat-calculator.how.0,زکوٰۃ خالص قابلِ زکوٰۃ مال کا 2.5 فیصد ہے۔ یہ اس وقت واجب ہوتی ہے جب مال نصاب کے برابر یا اس سے زیادہ ہو اور ایک مکمل قمری سال تک رکھا گیا ہو۔,,,
ur,zakat-calculator.how.1,پہلے نقد، بینک بچت، سونا، چاندی، فروخت کے سامان اور وصول ہونے والی رقم کو جمع کریں۔ پھر ابھی واجب الادا قرض منہا کریں۔,,,
ur,zakat-calculator.how.2,چاندی کا نصاب 612.36 گرام ہے۔ اس کو فی گرام قیمت سے ضرب دیں۔ اگر خالص مال نصاب سے کم ہو تو زکوٰۃ واجب نہیں۔,,,
ur,zakat-calculator.how.3,"مثال: نقد 1,000,000 ہے اور قرض 100,000 ہے تو خالص مال 900,000 ہوگا۔ چاندی 1,000 فی گرام ہو تو نصاب 612,360 ہوگا۔ قمری سال مکمل ہونے پر زکوٰۃ 900,000 کا 2.5 فیصد، یعنی 22,500 ہوگی۔",,,
ur,zakat-calculator.how.4,زیورات، کرایے کی جائیداد اور قرض کے بعض معاملات میں فقہاء کی آراء مختلف ہیں۔ ادائیگی سے پہلے کسی مستند عالم سے تصدیق کریں۔,,,
ur,zakat-calculator.faq.0,چاندی کا نصاب کیا ہے؟ | اس صفحے پر نصاب 612.36 گرام چاندی ہے۔ اس کی رقمی قیمت آپ کی درج کردہ چاندی کی قیمت پر ہے۔,,,
ur,zakat-calculator.faq.1,کیلکولیٹر رقم کیوں نہیں دکھاتا؟ | نصاب چیک کرنے کے لیے چاندی کی قیمت اور قمری سال کی تصدیق دونوں ضروری ہیں۔,,,
ur,zakat-calculator.faq.2,کیا یہ شرعی فتویٰ ہے؟ | نہیں۔ یہ حساب کا ایک آلہ ہے۔ اپنے معاملے کے فتوے کے لیے کسی مستند عالم سے رجوع کریں۔,,,
ur,bmi-calculator.name,BMI کیلکولیٹر,,,
ur,bmi-calculator.title,بالغوں کے لیے BMI کیلکولیٹر | CalculatesAll,,,
ur,bmi-calculator.description,میٹرک یا امپیریل اکائیوں میں بالغوں کا باڈی ماس انڈیکس نکالیں اور WHO کی وزن کی درجہ بندی دیکھیں۔,,,
ur,bmi-calculator.h1,بالغوں کے لیے BMI کیلکولیٹر,,,
ur,bmi-calculator.lead,میٹرک یا امپیریل اکائیوں میں اپنا باڈی ماس انڈیکس نکالیں۔ BMI بالغوں کے لیے ایک اسکریننگ پیمانہ ہے، تشخیص نہیں۔,,,
ur,bmi-calculator.how.0,میٹرک فارمولا: BMI = وزن (کلو گرام) ÷ قد (میٹر)²۔,,,
ur,bmi-calculator.how.1,امپیریل فارمولا: BMI = 703 × وزن (پاؤنڈ) ÷ قد (انچ)²۔,,,
ur,bmi-calculator.how.2,WHO کے مطابق بالغوں کے لیے: 18.5 سے کم کم وزن، 18.5 سے 24.9 معمول کا وزن، 25.0 سے 29.9 زیادہ وزن، اور 30.0 یا زیادہ موٹاپے کی حد۔,,,
ur,bmi-calculator.how.3,مثال: 70 کلو گرام اور 175 سینٹی میٹر قد پر BMI تقریباً 22.9 ہے، جو معمول کے وزن کی حد میں ہے۔,,,
ur,bmi-calculator.how.4,بچوں اور نوجوانوں کے لیے عمر اور جنس کے مطابق percentile چارٹ استعمال ہوتے ہیں۔ BMI جسمانی چربی کی براہِ راست پیمائش نہیں۔,,,
ur,bmi-calculator.faq.0,کیا یہ بچوں کے لیے ہے؟ | نہیں۔ یہ صفحہ بالغوں کے لیے ہے۔ بچوں کے لیے percentile چارٹ استعمال کریں۔,,,
ur,bmi-calculator.faq.1,کیا BMI تشخیص ہے؟ | نہیں۔ یہ ایک اسکریننگ پیمانہ ہے۔ نتیجہ کسی ڈاکٹر یا معالج سے ضرور ڈسکس کریں۔,,,
ur,profit-loss-calculator.name,منافع اور نقصان کیلکولیٹر,,,
ur,profit-loss-calculator.title,منافع اور نقصان کیلکولیٹر | CalculatesAll,,,
ur,profit-loss-calculator.description,قیمت خرید اور قیمت فروخت سے منافع یا نقصان اور اس کا فیصد نکالیں۔,,,
ur,profit-loss-calculator.h1,منافع اور نقصان کیلکولیٹر,,,
ur,profit-loss-calculator.lead,قیمت خرید اور قیمت فروخت لکھیں تاکہ معلوم ہو کہ منافع ہوا ہے یا نقصان، اور قیمت خرید کے مقابلے میں کتنے فیصد۔,,,
ur,profit-loss-calculator.how.0,منافع یا نقصان = قیمت فروخت منہا قیمت خرید۔ منفی نتیجہ نقصان ہوتا ہے۔,,,
ur,profit-loss-calculator.how.1,فیصد = منافع یا نقصان ÷ قیمت خرید × 100۔ فیصد ہمیشہ قیمت خرید پر نکالا جاتا ہے۔,,,
ur,profit-loss-calculator.how.2,"مثال: قیمت خرید 800 اور قیمت فروخت 1,000 ہو تو منافع 200 ہے، جو قیمت خرید کا 25 فیصد ہے۔",,,
ur,profit-loss-calculator.how.3,اگر قیمت خرید صفر ہو تو فیصد نہیں نکالا جا سکتا، اس لیے N/A دکھایا جاتا ہے۔,,,
ur,profit-loss-calculator.faq.0,مارجن اور مارک اپ میں کیا فرق ہے؟ | مارک اپ قیمت خرید پر اور مارجن قیمت فروخت پر نکالا جاتا ہے۔ یہ کیلکولیٹر قیمت خرید پر فیصد دکھاتا ہے۔,,,
ur,profit-loss-calculator.faq.1,شپنگ کی لاگت کیسے شامل کریں؟ | شپنگ، پیکنگ اور پلیٹ فارم فیس کو قیمت خرید میں شامل کر کے پھر حساب کریں۔,,,
ur,discount-calculator.name,ڈسکاؤنٹ کیلکولیٹر,,,
ur,discount-calculator.title,ڈسکاؤنٹ کیلکولیٹر | CalculatesAll,,,
ur,discount-calculator.description,اصل قیمت اور ڈسکاؤنٹ فیصد سے بچت اور آخری قیمت نکالیں۔,,,
ur,discount-calculator.h1,ڈسکاؤنٹ کیلکولیٹر,,,
ur,discount-calculator.lead,اصل قیمت اور ڈسکاؤنٹ فیصد لکھیں تاکہ بچت اور آخری قیمت معلوم ہو۔,,,
ur,discount-calculator.how.0,بچت = اصل قیمت × ڈسکاؤنٹ فیصد ÷ 100۔,,,
ur,discount-calculator.how.1,آخری قیمت = اصل قیمت منہا بچت۔,,,
ur,discount-calculator.how.2,"مثال: اصل قیمت 2,500 اور ڈسکاؤنٹ 20 فیصد ہو تو بچت 500 اور آخری قیمت 2,000 ہے۔",,,
ur,discount-calculator.how.3,دو ڈسکاؤنٹ یکے بعد دیگرے ہوں تو فیصد جمع نہیں ہوتے۔ 20 فیصد اور پھر 10 فیصد کا مجموعی اثر 28 فیصد ہے۔,,,
ur,discount-calculator.faq.0,کیا اس میں ٹیکس شامل ہے؟ | نہیں۔ ٹیکس آخری قیمت کے بعد شامل کریں۔,,,
ur,discount-calculator.faq.1,کیا ڈسکاؤنٹ 100 فیصد سے زیادہ ہو سکتا ہے؟ | نہیں۔ ڈسکاؤنٹ 0 سے 100 فیصد کے درمیان ہونا چاہیے۔,,,
ur,age-calculator.name,عمر کیلکولیٹر,,,
ur,age-calculator.title,عمر کیلکولیٹر | CalculatesAll,,,
ur,age-calculator.description,تاریخ پیدائش سے سال، مہینے، دن اور زندگی کے کل دن نکالیں۔,,,
ur,age-calculator.h1,عمر کیلکولیٹر,,,
ur,age-calculator.lead,تاریخ پیدائش لکھیں تاکہ سال، مہینے، دن اور زندگی کے کل دن معلوم ہوں۔,,,
ur,age-calculator.how.0,عمر سال، مہینے اور دن کے حساب سے نکالی جاتی ہے۔ دن منفی ہوں تو پچھلے مہینے کے دن شامل کیے جاتے ہیں۔,,,
ur,age-calculator.how.1,کیلکولیٹر کیلنڈر کی تاریخیں دیکھتا ہے، اس لیے وقت اور ٹائم زون کا نتیجے پر اثر نہیں ہوتا۔,,,
ur,age-calculator.how.2,مثال: پیدائش 15 مارچ 1990 اور حساب کی تاریخ 8 اکتوبر 2026 ہو تو عمر 36 سال، 6 مہینے اور 23 دن ہے۔,,,
ur,age-calculator.faq.0,کیا مستقبل کی تاریخ لکھی جا سکتی ہے؟ | نہیں۔ تاریخ پیدائش آج یا اس سے پہلے کی ہونی چاہیے۔,,,
ur,age-calculator.faq.1,29 فروری کو پیدا ہونے والوں کی سالگرہ کب ہوتی ہے؟ | کیلکولیٹر کیلنڈر کی تاریخ دیکھتا ہے۔ کچھ ملکوں میں غیر لیپ سال میں سالگرہ 1 مارچ کو مانی جاتی ہے، اس لیے مقامی قانون دیکھیں۔,,,
ur,unit-converter.name,یونٹ کنورٹر,,,
ur,unit-converter.title,یونٹ کنورٹر: وزن، لمبائی اور درجہ حرارت | CalculatesAll,,,
ur,unit-converter.description,وزن، لمبائی اور درجہ حرارت کی اکائیاں تبدیل کریں۔ منفی وزن اور صفر مطلق سے کم درجہ حرارت رد ہوتے ہیں۔,,,
ur,unit-converter.h1,وزن، لمبائی اور درجہ حرارت کا یونٹ کنورٹر,,,
ur,unit-converter.lead,عام وزن، لمبائی اور درجہ حرارت کی اکائیاں تبدیل کریں۔ منفی وزن، منفی لمبائی اور صفر مطلق سے کم درجہ حرارت قبول نہیں ہوتے۔,,,
ur,unit-converter.how.0,وزن اور لمبائی کی اکائیاں بنیادی اکائی یعنی کلو گرام یا میٹر کے ذریعے بدلی جاتی ہیں۔,,,
ur,unit-converter.how.1,درجہ حرارت کے لیے فارمولا استعمال ہوتا ہے۔ فارن ہائیٹ = سینٹی گریڈ × 9 ÷ 5 + 32۔,,,
ur,unit-converter.how.2,مثال: 5 کلو میٹر تقریباً 3.10686 میل ہیں۔ 100 فارن ہائیٹ 37.78 سینٹی گریڈ کے برابر ہے۔,,,
ur,unit-converter.faq.0,ایک پاؤنڈ میں کتنے کلو گرام ہوتے ہیں؟ | ایک پاؤنڈ بالکل 0.45359237 کلو گرام ہے۔,,,
ur,unit-converter.faq.1,کیلون صفر سے کم کیوں نہیں ہو سکتا؟ | صفر کیلون مطلق صفر ہے، اس سے کم کوئی درجہ حرارت ممکن نہیں۔,,,
ur,standard-calculator.name,معیاری کیلکولیٹر,,,
ur,standard-calculator.title,آن لائن معیاری کیلکولیٹر | CalculatesAll,,,
ur,standard-calculator.description,براؤزر میں جمع، تفریق، ضرب، تقسیم، فیصد اور قوسین کا حساب کریں۔,,,
ur,standard-calculator.h1,آن لائن معیاری کیلکولیٹر,,,
ur,standard-calculator.lead,روزمرہ کے حساب کے لیے سادہ کیلکولیٹر۔ حساب آپ کے براؤزر میں ہوتا ہے اور کسی سرور پر نہیں بھیجا جاتا۔,,,
ur,standard-calculator.how.0,ضرب اور تقسیم پہلے ہوتی ہے، پھر جمع اور تفریق۔ قوسین کے اندر کا حساب سب سے پہلے ہوتا ہے۔,,,
ur,standard-calculator.how.1,فیصد کا بٹن آخری عدد کو 100 سے تقسیم کرتا ہے۔,,,
ur,standard-calculator.how.2,مثال: (2 + 3) × 4 = 20۔ اور 10 − (4 ÷ 2) = 8۔,,,
ur,standard-calculator.faq.0,کیا اعداد کسی سرور پر جاتے ہیں؟ | نہیں۔ حساب آپ کے براؤزر میں ہوتا ہے۔,,,
ur,standard-calculator.faq.1,خرابی کیوں دکھائی دیتی ہے؟ | اظہار نامکمل ہو، یا قوسین برابر نہ ہوں، یا تقسیم صفر سے ہو۔,,,
ur,tasbih-counter.name,تسبیح کاؤنٹر,,,
ur,tasbih-counter.title,آن لائن تسبیح کاؤنٹر | CalculatesAll,,,
ur,tasbih-counter.description,طے شدہ ہدف کے ساتھ تسبیح گنیں۔ گنتی صرف اس آلے پر محفوظ رہتی ہے۔,,,
ur,tasbih-counter.h1,آن لائن تسبیح کاؤنٹر,,,
ur,tasbih-counter.lead,33، 100 یا 1000 کے ہدف کے ساتھ ذکر گنیں، یا بغیر ہدف کے گنیں۔ گنتی صرف اسی آلے پر محفوظ ہوتی ہے۔,,,
ur,tasbih-counter.how.0,ہر بار دبانے پر گنتی ایک بڑھتی ہے۔ ہدف منتخب ہو تو باقی گنتی دکھائی جاتی ہے۔,,,
ur,tasbih-counter.how.1,گنتی آپ کے براؤزر کی لوکل اسٹوریج میں رہتی ہے۔ براؤزر کا ڈیٹا صاف کرنے یا دوسرے آلے پر جانے سے گنتی نئی شروع ہوگی۔,,,
ur,tasbih-counter.faq.0,کیا گنتی سرور پر محفوظ ہوتی ہے؟ | نہیں۔ یہ صرف اسی براؤزر میں رہتی ہے۔,,,
ur,tasbih-counter.faq.1,ہدف پورا ہونے پر کیا ہوگا؟ | کاؤنٹر بتاتا ہے کہ ہدف پورا ہو گیا ہے۔ دوبارہ شروع کرنے کے لیے ری سیٹ دبائیں۔,,,
ur,stopwatch.name,آن لائن اسٹاپ واچ,,,
ur,stopwatch.title,آن لائن اسٹاپ واچ | CalculatesAll,,,
ur,stopwatch.description,براؤزر میں سیکنڈ کے سو حصوں تک درستگی کے ساتھ وقت ناپیں۔,,,
ur,stopwatch.h1,آن لائن اسٹاپ واچ,,,
ur,stopwatch.lead,شروع کریں، روکیں اور دوبارہ کریں۔ ڈسپلے گھنٹے، منٹ، سیکنڈ اور سیکنڈ کے سو حصے دکھاتا ہے۔,,,
ur,stopwatch.how.0,اسٹاپ واچ براؤزر کی گھڑی سے وقت لیتا ہے۔,,,
ur,stopwatch.how.1,ٹیب بدلنے پر بھی وقت درست رہتا ہے، کیونکہ حساب شروع ہونے کے وقت سے ہوتا ہے۔,,,
ur,stopwatch.faq.0,کیا ٹیب بند کرنے کے بعد یہ چلتی رہتی ہے؟ | نہیں۔ صفحہ بند یا ری لوڈ کرنے پر اسٹاپ واچ رک جاتی ہے۔,,,
ur,stopwatch.faq.1,کیا کھیلوں کے لیے یہ درست ہے؟ | روزمرہ وقت ناپنے کے لیے ٹھیک ہے۔ سرکاری کھیلوں کے وقت کے لیے مستند آلات درکار ہیں۔,,,
